group,n,accuracy,precision,recall,f1
Female,105,0.9809523809523809,1.0,0.9666666666666667,0.9830508474576272
Male,80,0.975,0.9814814814814815,0.9814814814814815,0.9814814814814815
