group,n,accuracy,precision,recall,f1
25-34,67,1.0,1.0,1.0,1.0
35-44,67,0.9701492537313433,0.9767441860465116,0.9767441860465116,0.9767441860465116
45 and above,44,0.9545454545454546,1.0,0.9333333333333333,0.9655172413793104
