model,baseline_cv_f1,tuned_cv_f1,is_best
xgboost,0.939030723813689,0.9362007168458781,True
random_forest,0.9148136462777268,0.913120131201312,False
logreg,0.9053041695146958,,False
dummy,0.7176146850565455,,False
